Kundennummer;Datum;Zählerart;Zählernummer;neu eingebaut;Zählerstand;Kommentar
677;02.10.17;Wasser;ZW671913;0;98;
677;03.11.17;Wasser;ZW671913;0;98;
677;03.12.17;Wasser;ZW671913;0;100;
677;02.01.18;Wasser;ZW671913;0;100;
677;04.02.18;Wasser;ZW671913;0;102;
677;04.03.18;Wasser;ZW671913;0;104;
677;03.04.18;Wasser;ZW671913;0;104;
677;01.05.18;Wasser;ZW671913;0;104;
677;02.06.18;Wasser;ZW671913;0;106;
677;05.07.18;Wasser;ZW671913;0;108;
677;02.08.18;Wasser;ZW671913;0;110;
677;01.09.18;Wasser;ZW671913;0;112;
677;03.10.18;Wasser;ZW671913;0;113;
677;04.11.18;Wasser;ZW671913;0;113;
677;03.12.18;Wasser;ZW671913;0;116;
677;04.01.19;Wasser;ZW671913;0;117;
677;04.02.19;Wasser;ZW671913;0;118;
677;01.03.19;Wasser;ZW671913;0;120;
677;04.04.19;Wasser;ZW671913;0;121;
677;04.05.19;Wasser;ZW671913;0;124;
677;01.06.19;Wasser;ZW671913;0;125;
677;03.07.19;Wasser;ZW671913;0;127;
677;02.08.19;Wasser;ZW671913;0;127;
677;02.09.19;Wasser;ZW671913;0;129;
677;01.10.19;Wasser;ZW671913;0;130;
677;05.11.19;Wasser;ZW671913;0;132;
677;02.12.19;Wasser;ZW671913;0;134;
677;02.01.20;Wasser;ZW671913;0;135;
677;03.02.20;Wasser;ZW671913;0;138;
677;03.03.20;Wasser;ZW671913;0;139;
677;04.04.20;Wasser;ZW671913;0;141;
677;02.05.20;Wasser;ZW671913;0;141;
677;05.06.20;Wasser;ZW671913;0;141;
677;05.07.20;Wasser;ZW671913;0;143;
677;04.08.20;Wasser;ZW671913;0;146;
677;01.09.20;Wasser;ZW671913;0;147;
677;03.10.20;Wasser;ZW671913;0;148;
677;03.11.20;Wasser;ZW671913;0;149;
677;02.12.20;Wasser;ZW671913;0;150;
677;05.01.21;Wasser;ZW671913;0;152;
677;05.02.21;Wasser;ZW671913;0;154;
677;02.03.21;Wasser;ZW671913;0;156;
677;05.04.21;Wasser;ZW671913;0;158;
677;04.05.21;Wasser;ZW671913;0;160;
677;05.06.21;Wasser;ZW671913;0;161;
677;04.07.21;Wasser;ZW671913;0;162;
677;05.08.21;Wasser;ZW671913;0;164;
677;05.09.21;Wasser;ZW671913;0;164;
677;01.10.21;Wasser;ZW671913;0;164;
677;02.11.21;Wasser;ZW671913;0;166;
677;05.12.21;Wasser;ZW671913;0;167;
677;02.01.22;Wasser;ZW671913;0;168;
677;04.02.22;Wasser;ZW671913;0;168;
677;03.03.22;Wasser;ZW671913;0;170;
677;03.04.22;Wasser;ZW671913;0;171;
677;04.05.22;Wasser;ZW671913;0;172;
677;03.06.22;Wasser;ZW671913;0;174;
677;02.07.22;Wasser;ZW671913;0;174;
677;05.08.22;Wasser;ZW671913;0;175;
677;04.09.22;Wasser;ZW671913;0;176;
700;03.10.17;Wasser;ZW287994;0;194;
700;01.11.17;Wasser;ZW287994;0;191;
700;03.12.17;Wasser;ZW287994;0;189;
700;02.01.18;Wasser;ZW287994;0;189;
700;02.02.18;Wasser;ZW287994;0;190;
700;01.03.18;Wasser;ZW287994;0;193;
700;05.04.18;Wasser;ZW287994;0;200;
700;01.05.18;Wasser;ZW287994;0;207;
700;03.06.18;Wasser;ZW287994;0;210;
700;03.07.18;Wasser;ZW287994;0;215;
700;04.08.18;Wasser;ZW287994;0;221;
700;05.09.18;Wasser;ZW287994;0;218;
700;02.10.18;Wasser;ZW287994;0;217;
700;05.11.18;Wasser;ZW287994;0;219;
700;03.12.18;Wasser;ZW287994;0;220;
700;05.01.19;Wasser;ZW287994;0;222;
700;05.02.19;Wasser;ZW287994;0;226;
700;05.03.19;Wasser;ZW287994;0;223;
700;03.04.19;Wasser;ZW287994;0;231;
700;05.05.19;Wasser;ZW287994;0;229;
700;04.06.19;Wasser;ZW287994;0;226;
700;02.07.19;Wasser;ZW287994;0;235;
700;03.08.19;Wasser;ZW287994;0;238;
700;04.09.19;Wasser;ZW287994;0;239;
700;05.10.19;Wasser;ZW287994;0;241;
700;05.11.19;Wasser;ZW287994;0;255;
700;01.12.19;Wasser;ZW287994;0;256;
700;05.01.20;Wasser;ZW287994;0;257;
700;05.02.20;Wasser;ZW287994;0;253;
700;04.03.20;Wasser;ZW287994;0;258;
700;04.04.20;Wasser;ZW287994;0;260;
700;01.05.20;Wasser;ZW287994;0;262;
700;02.06.20;Wasser;ZW287994;0;273;
700;02.07.20;Wasser;ZW287994;0;273;
700;02.08.20;Wasser;ZW287994;0;281;
700;01.09.20;Wasser;ZW287994;0;289;
700;05.10.20;Wasser;ZW287994;0;290;
700;03.11.20;Wasser;ZW287994;0;293;
700;02.12.20;Wasser;ZW287994;0;299;
700;03.01.21;Wasser;ZW287994;0;302;
700;03.02.21;Wasser;ZW287994;0;302;
700;05.03.21;Wasser;ZW287994;0;307;
700;01.04.21;Wasser;ZW287994;0;309;
700;03.05.21;Wasser;ZW287994;0;314;
700;05.06.21;Wasser;ZW287994;0;320;
700;04.07.21;Wasser;ZW287994;0;320;
700;04.08.21;Wasser;ZW287994;0;328;
700;05.09.21;Wasser;ZW287994;0;335;
700;05.10.21;Wasser;ZW287994;0;332;
700;04.11.21;Wasser;ZW287994;0;335;
700;01.12.21;Wasser;ZW287994;0;340;
700;02.01.22;Wasser;ZW287994;0;339;
700;04.02.22;Wasser;ZW287994;0;348;
700;01.03.22;Wasser;ZW287994;0;350;
700;02.04.22;Wasser;ZW287994;0;355;
700;04.05.22;Wasser;ZW287994;0;360;
700;05.06.22;Wasser;ZW287994;0;367;
700;04.07.22;Wasser;ZW287994;0;374;
700;05.08.22;Wasser;ZW287994;0;376;
700;02.09.22;Wasser;ZW287994;0;374;
723;02.10.17;Wasser;ZW391735;0;101;
723;03.11.17;Wasser;ZW391735;0;103;
723;02.12.17;Wasser;ZW391735;0;106;
723;04.01.18;Wasser;ZW391735;0;110;
723;04.02.18;Wasser;ZW391735;0;115;
723;02.03.18;Wasser;ZW391735;0;117;
723;01.04.18;Wasser;ZW391735;0;119;
723;05.05.18;Wasser;ZW391735;0;121;
723;05.06.18;Wasser;ZW391735;0;125;
723;04.07.18;Wasser;ZW391735;0;135;
723;04.08.18;Wasser;ZW391735;0;139;
723;05.09.18;Wasser;ZW391735;0;143;
723;05.10.18;Wasser;ZW391735;0;149;
723;01.11.18;Wasser;ZW391735;0;150;
723;02.12.18;Wasser;ZW391735;0;157;
723;03.01.19;Wasser;ZW391735;0;158;
723;05.02.19;Wasser;ZW391735;0;171;
723;01.03.19;Wasser;ZW391735;0;171;
723;04.04.19;Wasser;ZW391735;0;177;
723;01.05.19;Wasser;ZW391735;0;183;
723;05.06.19;Wasser;ZW391735;0;189;
723;01.07.19;Wasser;ZW391735;0;193;
723;04.08.19;Wasser;ZW391735;0;189;
723;03.09.19;Wasser;ZW391735;0;193;
723;01.10.19;Wasser;ZW391735;0;201;
723;03.11.19;Wasser;ZW391735;0;205;
723;02.12.19;Wasser;ZW391735;0;210;
723;05.01.20;Wasser;ZW391735;0;209;
723;01.02.20;Wasser;ZW391735;0;216;
723;04.03.20;Wasser;ZW391735;0;225;
723;01.04.20;Wasser;ZW391735;0;228;
723;03.05.20;Wasser;ZW391735;0;234;
723;02.06.20;Wasser;ZW391735;0;241;
723;05.07.20;Wasser;ZW391735;0;252;
723;04.08.20;Wasser;ZW391735;0;259;
723;03.09.20;Wasser;ZW391735;0;261;
723;02.10.20;Wasser;ZW391735;0;269;
723;04.11.20;Wasser;ZW391735;0;271;
723;05.12.20;Wasser;ZW391735;0;269;
723;04.01.21;Wasser;ZW391735;0;274;
723;04.02.21;Wasser;ZW391735;0;275;
723;01.03.21;Wasser;ZW391735;0;275;
723;03.04.21;Wasser;ZW391735;0;273;
723;02.05.21;Wasser;ZW391735;0;273;
723;03.06.21;Wasser;ZW391735;0;279;
723;03.07.21;Wasser;ZW391735;0;286;
723;03.08.21;Wasser;ZW391735;0;285;
723;04.09.21;Wasser;ZW391735;0;285;
723;01.10.21;Wasser;ZW391735;0;280;
723;03.11.21;Wasser;ZW391735;0;283;
723;01.12.21;Wasser;ZW391735;0;291;
723;02.01.22;Wasser;ZW391735;0;296;
723;04.02.22;Wasser;ZW391735;0;298;
723;03.03.22;Wasser;ZW391735;0;303;
723;03.04.22;Wasser;ZW391735;0;311;
723;05.05.22;Wasser;ZW391735;0;314;
723;04.06.22;Wasser;ZW391735;0;318;
723;04.07.22;Wasser;ZW391735;0;323;
723;04.08.22;Wasser;ZW391735;0;320;
723;05.09.22;Wasser;ZW391735;0;324;
746;01.10.17;Wasser;ZW118023;0;181;
746;03.11.17;Wasser;ZW118023;0;182;
746;02.12.17;Wasser;ZW118023;0;184;
746;03.01.18;Wasser;ZW118023;0;185;
746;03.02.18;Wasser;ZW118023;0;186;
746;03.03.18;Wasser;ZW118023;0;188;
746;05.04.18;Wasser;ZW118023;0;190;
746;04.05.18;Wasser;ZW118023;0;194;
746;02.06.18;Wasser;ZW118023;0;195;
746;05.07.18;Wasser;ZW118023;0;197;
746;05.08.18;Wasser;ZW118023;0;199;
746;03.09.18;Wasser;ZW118023;0;200;
746;04.10.18;Wasser;ZW118023;0;201;
746;04.11.18;Wasser;ZW118023;0;202;
746;04.12.18;Wasser;ZW118023;0;204;
746;03.01.19;Wasser;ZW118023;0;205;
746;03.02.19;Wasser;ZW118023;0;208;
746;05.03.19;Wasser;ZW118023;0;208;
746;05.04.19;Wasser;ZW118023;0;210;
746;05.05.19;Wasser;ZW118023;0;210;
746;05.06.19;Wasser;ZW118023;0;211;
746;03.07.19;Wasser;ZW118023;0;212;
746;02.08.19;Wasser;ZW118023;0;213;
746;04.09.19;Wasser;ZW118023;0;215;
746;01.10.19;Wasser;ZW118023;0;216;
746;01.11.19;Wasser;ZW118023;0;218;
746;04.12.19;Wasser;ZW118023;0;219;
746;02.01.20;Wasser;ZW118023;0;220;
746;05.02.20;Wasser;ZW118023;0;222;
746;05.03.20;Wasser;ZW118023;0;222;
746;04.04.20;Wasser;ZW118023;0;224;
746;03.05.20;Wasser;ZW118023;0;226;
746;03.06.20;Wasser;ZW118023;0;227;
746;01.07.20;Wasser;ZW118023;0;228;
746;01.08.20;Wasser;ZW118023;0;231;
746;03.09.20;Wasser;ZW118023;0;233;
746;01.10.20;Wasser;ZW118023;0;234;
746;03.11.20;Wasser;ZW118023;0;235;
746;03.12.20;Wasser;ZW118023;0;237;
746;05.01.21;Wasser;ZW118023;0;239;
746;01.02.21;Wasser;ZW118023;0;240;
746;01.03.21;Wasser;ZW118023;0;240;
746;02.04.21;Wasser;ZW118023;0;242;
746;01.05.21;Wasser;ZW118023;0;243;
746;01.06.21;Wasser;ZW118023;0;245;
746;01.07.21;Wasser;ZW118023;0;247;
746;01.08.21;Wasser;ZW118023;0;250;
746;04.09.21;Wasser;ZW118023;0;252;
746;05.10.21;Wasser;ZW118023;0;255;
746;02.11.21;Wasser;ZW118023;0;256;
746;03.12.21;Wasser;ZW118023;0;257;
746;05.01.22;Wasser;ZW118023;0;259;
746;02.02.22;Wasser;ZW118023;0;259;
746;02.03.22;Wasser;ZW118023;0;261;
746;04.04.22;Wasser;ZW118023;0;265;
746;02.05.22;Wasser;ZW118023;0;266;
746;01.06.22;Wasser;ZW118023;0;266;
746;02.07.22;Wasser;ZW118023;0;269;
746;02.08.22;Wasser;ZW118023;0;271;
746;01.09.22;Wasser;ZW118023;0;272;
769;01.10.17;Wasser;ZW966821;0;28;
769;03.11.17;Wasser;ZW966821;0;27;
769;04.12.17;Wasser;ZW966821;0;34;
769;03.01.18;Wasser;ZW966821;0;51;
769;03.02.18;Wasser;ZW966821;0;55;
769;01.03.18;Wasser;ZW966821;0;58;
769;03.04.18;Wasser;ZW966821;0;60;
769;01.05.18;Wasser;ZW966821;0;60;
769;03.06.18;Wasser;ZW966821;0;71;
769;04.07.18;Wasser;ZW966821;0;86;
769;05.08.18;Wasser;ZW966821;0;93;
769;01.09.18;Wasser;ZW966821;0;92;
769;04.10.18;Wasser;ZW966821;0;104;
769;05.11.18;Wasser;ZW966821;0;111;
769;01.12.18;Wasser;ZW966821;0;117;
769;05.01.19;Wasser;ZW966821;0;125;
769;05.02.19;Wasser;ZW966821;0;133;
769;04.03.19;Wasser;ZW966821;0;139;
769;02.04.19;Wasser;ZW966821;0;146;
769;02.05.19;Wasser;ZW966821;0;165;
769;01.06.19;Wasser;ZW966821;0;165;
769;05.07.19;Wasser;ZW966821;0;174;
769;03.08.19;Wasser;ZW966821;0;187;
769;05.09.19;Wasser;ZW966821;0;201;
769;02.10.19;Wasser;ZW966821;0;208;
769;01.11.19;Wasser;ZW966821;0;212;
769;02.12.19;Wasser;ZW966821;0;208;
769;04.01.20;Wasser;ZW966821;0;205;
769;03.02.20;Wasser;ZW966821;0;205;
769;04.03.20;Wasser;ZW966821;0;212;
769;01.04.20;Wasser;ZW966821;0;225;
769;05.05.20;Wasser;ZW966821;0;232;
769;04.06.20;Wasser;ZW966821;0;243;
769;04.07.20;Wasser;ZW966821;0;253;
769;01.08.20;Wasser;ZW966821;0;263;
769;03.09.20;Wasser;ZW966821;0;275;
769;01.10.20;Wasser;ZW966821;0;279;
769;04.11.20;Wasser;ZW966821;0;285;
769;01.12.20;Wasser;ZW966821;0;281;
769;05.01.21;Wasser;ZW966821;0;291;
769;02.02.21;Wasser;ZW966821;0;305;
769;01.03.21;Wasser;ZW966821;0;305;
769;03.04.21;Wasser;ZW966821;0;308;
769;02.05.21;Wasser;ZW966821;0;309;
769;01.06.21;Wasser;ZW966821;0;326;
769;04.07.21;Wasser;ZW966821;0;320;
769;05.08.21;Wasser;ZW966821;0;326;
769;05.09.21;Wasser;ZW966821;0;337;
769;04.10.21;Wasser;ZW966821;0;344;
769;05.11.21;Wasser;ZW966821;0;353;
769;04.12.21;Wasser;ZW966821;0;358;
769;04.01.22;Wasser;ZW966821;0;369;
769;01.02.22;Wasser;ZW966821;0;375;
769;01.03.22;Wasser;ZW966821;0;374;
769;03.04.22;Wasser;ZW966821;0;381;
769;02.05.22;Wasser;ZW966821;0;381;
769;04.06.22;Wasser;ZW966821;0;387;
769;03.07.22;Wasser;ZW966821;0;403;
769;05.08.22;Wasser;ZW966821;0;405;
769;02.09.22;Wasser;ZW966821;0;411;
792;04.10.17;Wasser;ZW271538;0;44;
792;05.11.17;Wasser;ZW271538;0;47;
792;03.12.17;Wasser;ZW271538;0;49;
792;04.01.18;Wasser;ZW271538;0;48;
792;02.02.18;Wasser;ZW271538;0;50;
792;01.03.18;Wasser;ZW271538;0;53;
792;03.04.18;Wasser;ZW271538;0;54;
792;02.05.18;Wasser;ZW271538;0;54;
792;05.06.18;Wasser;ZW271538;0;53;
792;03.07.18;Wasser;ZW271538;0;53;
792;03.08.18;Wasser;ZW271538;0;57;
792;04.09.18;Wasser;ZW271538;0;61;
792;01.10.18;Wasser;ZW271538;0;65;
792;01.11.18;Wasser;ZW271538;0;71;
792;05.12.18;Wasser;ZW271538;0;75;
792;01.01.19;Wasser;ZW271538;0;78;
792;04.02.19;Wasser;ZW271538;0;79;
792;05.03.19;Wasser;ZW271538;0;82;
792;01.04.19;Wasser;ZW271538;0;86;
792;05.05.19;Wasser;ZW271538;0;88;
792;05.06.19;Wasser;ZW271538;0;92;
792;04.07.19;Wasser;ZW271538;0;93;
792;04.08.19;Wasser;ZW271538;0;96;
792;03.09.19;Wasser;ZW271538;0;99;
792;05.10.19;Wasser;ZW271538;0;98;
792;03.11.19;Wasser;ZW271538;0;103;
792;04.12.19;Wasser;ZW271538;0;106;
792;02.01.20;Wasser;ZW271538;0;108;
792;05.02.20;Wasser;ZW271538;0;110;
792;04.03.20;Wasser;ZW271538;0;111;
792;04.04.20;Wasser;ZW271538;0;117;
792;05.05.20;Wasser;ZW271538;0;120;
792;04.06.20;Wasser;ZW271538;0;122;
792;04.07.20;Wasser;ZW271538;0;125;
792;01.08.20;Wasser;ZW271538;0;129;
792;03.09.20;Wasser;ZW271538;0;130;
792;03.10.20;Wasser;ZW271538;0;133;
792;05.11.20;Wasser;ZW271538;0;137;
792;01.12.20;Wasser;ZW271538;0;138;
792;05.01.21;Wasser;ZW271538;0;142;
792;03.02.21;Wasser;ZW271538;0;145;
792;03.03.21;Wasser;ZW271538;0;148;
792;03.04.21;Wasser;ZW271538;0;150;
792;02.05.21;Wasser;ZW271538;0;151;
792;04.06.21;Wasser;ZW271538;0;156;
792;02.07.21;Wasser;ZW271538;0;161;
792;02.08.21;Wasser;ZW271538;0;162;
792;01.09.21;Wasser;ZW271538;0;165;
792;02.10.21;Wasser;ZW271538;0;168;
792;03.11.21;Wasser;ZW271538;0;168;
792;04.12.21;Wasser;ZW271538;0;170;
792;01.01.22;Wasser;ZW271538;0;171;
792;03.02.22;Wasser;ZW271538;0;173;
792;02.03.22;Wasser;ZW271538;0;179;
792;05.04.22;Wasser;ZW271538;0;183;
792;04.05.22;Wasser;ZW271538;0;183;
792;01.06.22;Wasser;ZW271538;0;187;
792;04.07.22;Wasser;ZW271538;0;189;
792;01.08.22;Wasser;ZW271538;0;192;
792;05.09.22;Wasser;ZW271538;0;195;
677;04.10.17;Strom;ZS72816;0;797;
677;05.11.17;Strom;ZS72816;0;834;
677;03.12.17;Strom;ZS72816;0;850;
677;04.01.18;Strom;ZS72816;0;889;
677;04.02.18;Strom;ZS72816;0;966;
677;01.03.18;Strom;ZS72816;0;1090;
677;03.04.18;Strom;ZS72816;0;1260;
677;05.05.18;Strom;ZS72816;0;1261;
677;02.06.18;Strom;ZS72816;0;1262;
677;02.07.18;Strom;ZS72816;0;1419;
677;02.08.18;Strom;ZS72816;0;1432;
677;01.09.18;Strom;ZS72816;0;1545;
677;05.10.18;Strom;ZS72816;0;1679;
677;01.11.18;Strom;ZS72816;0;1769;
677;02.12.18;Strom;ZS72816;0;1862;
677;04.01.19;Strom;ZS72816;0;1861;
677;04.02.19;Strom;ZS72816;0;1923;
677;05.03.19;Strom;ZS72816;0;2116;
677;05.04.19;Strom;ZS72816;0;2259;
677;02.05.19;Strom;ZS72816;0;2256;
677;04.06.19;Strom;ZS72816;0;2364;
677;05.07.19;Strom;ZS72816;0;2436;
677;01.08.19;Strom;ZS72816;0;2542;
677;04.09.19;Strom;ZS72816;0;2599;
677;01.10.19;Strom;ZS72816;0;2679;
677;02.11.19;Strom;ZS72816;0;2780;
677;04.12.19;Strom;ZS72816;0;2897;
677;01.01.20;Strom;ZS72816;0;3018;
677;05.02.20;Strom;ZS72816;0;3219;
677;05.03.20;Strom;ZS72816;0;3265;
677;04.04.20;Strom;ZS72816;0;3366;
677;03.05.20;Strom;ZS72816;0;3449;
677;02.06.20;Strom;ZS72816;0;3466;
677;03.07.20;Strom;ZS72816;0;3446;
677;03.08.20;Strom;ZS72816;0;3556;
677;05.09.20;Strom;ZS72816;0;3541;
677;02.10.20;Strom;ZS72816;0;3662;
677;03.11.20;Strom;ZS72816;0;3826;
677;04.12.20;Strom;ZS72816;0;3865;
677;01.01.21;Strom;ZS72816;0;3987;
677;05.02.21;Strom;ZS72816;0;4040;
677;04.03.21;Strom;ZS72816;0;4175;
677;01.04.21;Strom;ZS72816;0;4264;
677;02.05.21;Strom;ZS72816;0;4373;
677;02.06.21;Strom;ZS72816;0;4428;
677;01.07.21;Strom;ZS72816;0;4460;
677;02.08.21;Strom;ZS72816;0;4553;
677;05.09.21;Strom;ZS72816;0;4547;
677;04.10.21;Strom;ZS72816;0;4601;
677;04.11.21;Strom;ZS72816;0;4588;
677;04.12.21;Strom;ZS72816;0;4623;
677;02.01.22;Strom;ZS72816;0;4800;
677;05.02.22;Strom;ZS72816;0;4847;
677;03.03.22;Strom;ZS72816;0;4871;
677;01.04.22;Strom;ZS72816;0;4970;
677;03.05.22;Strom;ZS72816;0;5022;
677;02.06.22;Strom;ZS72816;0;5173;
677;04.07.22;Strom;ZS72816;0;5208;
677;01.08.22;Strom;ZS72816;0;5239;
677;02.09.22;Strom;ZS72816;0;5181;
700;02.10.17;Strom;ZS68819;0;1042;
700;02.11.17;Strom;ZS68819;0;820;
700;04.12.17;Strom;ZS68819;0;1088;
700;02.01.18;Strom;ZS68819;0;1950;
700;02.02.18;Strom;ZS68819;0;2688;
700;02.03.18;Strom;ZS68819;0;2799;
700;04.04.18;Strom;ZS68819;0;2902;
700;05.05.18;Strom;ZS68819;0;3381;
700;02.06.18;Strom;ZS68819;0;4138;
700;05.07.18;Strom;ZS68819;0;4364;
700;01.08.18;Strom;ZS68819;0;4713;
700;01.09.18;Strom;ZS68819;0;5042;
700;04.10.18;Strom;ZS68819;0;5219;
700;01.11.18;Strom;ZS68819;0;6074;
700;01.12.18;Strom;ZS68819;0;6444;
700;01.01.19;Strom;ZS68819;0;7353;
700;04.02.19;Strom;ZS68819;0;7481;
700;02.03.19;Strom;ZS68819;0;7505;
700;02.04.19;Strom;ZS68819;0;7822;
700;05.05.19;Strom;ZS68819;0;8191;
700;04.06.19;Strom;ZS68819;0;8875;
700;05.07.19;Strom;ZS68819;0;9075;
700;04.08.19;Strom;ZS68819;0;9458;
700;03.09.19;Strom;ZS68819;0;10148;
700;04.10.19;Strom;ZS68819;0;10056;
700;03.11.19;Strom;ZS68819;0;10192;
700;03.12.19;Strom;ZS68819;0;10390;
700;02.01.20;Strom;ZS68819;0;11194;
700;05.02.20;Strom;ZS68819;0;11582;
700;03.03.20;Strom;ZS68819;0;11459;
700;04.04.20;Strom;ZS68819;0;11213;
700;02.05.20;Strom;ZS68819;0;10969;
700;04.06.20;Strom;ZS68819;0;11133;
700;01.07.20;Strom;ZS68819;0;11444;
700;02.08.20;Strom;ZS68819;0;12275;
700;02.09.20;Strom;ZS68819;0;12673;
700;04.10.20;Strom;ZS68819;0;13213;
700;01.11.20;Strom;ZS68819;0;13057;
700;04.12.20;Strom;ZS68819;0;13533;
700;04.01.21;Strom;ZS68819;0;13724;
700;01.02.21;Strom;ZS68819;0;13817;
700;02.03.21;Strom;ZS68819;0;13535;
700;05.04.21;Strom;ZS68819;0;14031;
700;04.05.21;Strom;ZS68819;0;14825;
700;02.06.21;Strom;ZS68819;0;15389;
700;02.07.21;Strom;ZS68819;0;16292;
700;01.08.21;Strom;ZS68819;0;16525;
700;02.09.21;Strom;ZS68819;0;16958;
700;03.10.21;Strom;ZS68819;0;17525;
700;04.11.21;Strom;ZS68819;0;18252;
700;01.12.21;Strom;ZS68819;0;18563;
700;03.01.22;Strom;ZS68819;0;19062;
700;01.02.22;Strom;ZS68819;0;19261;
700;03.03.22;Strom;ZS68819;0;19448;
700;02.04.22;Strom;ZS68819;0;19859;
700;01.05.22;Strom;ZS68819;0;20064;
700;02.06.22;Strom;ZS68819;0;20579;
700;01.07.22;Strom;ZS68819;0;20904;
700;02.08.22;Strom;ZS68819;0;20867;
700;05.09.22;Strom;ZS68819;0;21147;
723;02.10.17;Strom;ZS92628;0;742;
723;04.11.17;Strom;ZS92628;0;1155;
723;01.12.17;Strom;ZS92628;0;1741;
723;05.01.18;Strom;ZS92628;0;2260;
723;05.02.18;Strom;ZS92628;0;2821;
723;01.03.18;Strom;ZS92628;0;3258;
723;03.04.18;Strom;ZS92628;0;3850;
723;03.05.18;Strom;ZS92628;0;3880;
723;04.06.18;Strom;ZS92628;0;4136;
723;04.07.18;Strom;ZS92628;0;4660;
723;04.08.18;Strom;ZS92628;0;4637;
723;02.09.18;Strom;ZS92628;0;4979;
723;04.10.18;Strom;ZS92628;0;5261;
723;02.11.18;Strom;ZS92628;0;5228;
723;04.12.18;Strom;ZS92628;0;5518;
723;04.01.19;Strom;ZS92628;0;5867;
723;02.02.19;Strom;ZS92628;0;6533;
723;01.03.19;Strom;ZS92628;0;6993;
723;01.04.19;Strom;ZS92628;0;7256;
723;04.05.19;Strom;ZS92628;0;7666;
723;02.06.19;Strom;ZS92628;0;8035;
723;03.07.19;Strom;ZS92628;0;8227;
723;05.08.19;Strom;ZS92628;0;8333;
723;02.09.19;Strom;ZS92628;0;8486;
723;02.10.19;Strom;ZS92628;0;8639;
723;02.11.19;Strom;ZS92628;0;9233;
723;04.12.19;Strom;ZS92628;0;9377;
723;04.01.20;Strom;ZS92628;0;9703;
723;05.02.20;Strom;ZS92628;0;10074;
723;04.03.20;Strom;ZS92628;0;10631;
723;02.04.20;Strom;ZS92628;0;11115;
723;05.05.20;Strom;ZS92628;0;11650;
723;02.06.20;Strom;ZS92628;0;12074;
723;04.07.20;Strom;ZS92628;0;12460;
723;05.08.20;Strom;ZS92628;0;12717;
723;03.09.20;Strom;ZS92628;0;12961;
723;04.10.20;Strom;ZS92628;0;12892;
723;05.11.20;Strom;ZS92628;0;13403;
723;01.12.20;Strom;ZS92628;0;13791;
723;02.01.21;Strom;ZS92628;0;13994;
723;02.02.21;Strom;ZS92628;0;14317;
723;02.03.21;Strom;ZS92628;0;14218;
723;04.04.21;Strom;ZS92628;0;14343;
723;02.05.21;Strom;ZS92628;0;14495;
723;04.06.21;Strom;ZS92628;0;14856;
723;04.07.21;Strom;ZS92628;0;15334;
723;04.08.21;Strom;ZS92628;0;15472;
723;04.09.21;Strom;ZS92628;0;15853;
723;04.10.21;Strom;ZS92628;0;16035;
723;05.11.21;Strom;ZS92628;0;16432;
723;01.12.21;Strom;ZS92628;0;16894;
723;01.01.22;Strom;ZS92628;0;17382;
723;04.02.22;Strom;ZS92628;0;17627;
723;02.03.22;Strom;ZS92628;0;17991;
723;01.04.22;Strom;ZS92628;0;18557;
723;05.05.22;Strom;ZS92628;0;18813;
723;02.06.22;Strom;ZS92628;0;18844;
723;03.07.22;Strom;ZS92628;0;19048;
723;04.08.22;Strom;ZS92628;0;19381;
723;01.09.22;Strom;ZS92628;0;19441;
746;02.10.17;Strom;ZS31793;0;958;
746;05.11.17;Strom;ZS31793;0;1145;
746;02.12.17;Strom;ZS31793;0;1281;
746;03.01.18;Strom;ZS31793;0;1352;
746;03.02.18;Strom;ZS31793;0;1403;
746;01.03.18;Strom;ZS31793;0;1540;
746;05.04.18;Strom;ZS31793;0;1680;
746;05.05.18;Strom;ZS31793;0;1771;
746;03.06.18;Strom;ZS31793;0;1726;
746;02.07.18;Strom;ZS31793;0;1839;
746;01.08.18;Strom;ZS31793;0;1896;
746;04.09.18;Strom;ZS31793;0;2011;
746;02.10.18;Strom;ZS31793;0;2047;
746;04.11.18;Strom;ZS31793;0;2012;
746;03.12.18;Strom;ZS31793;0;2072;
746;04.01.19;Strom;ZS31793;0;2156;
746;01.02.19;Strom;ZS31793;0;2272;
746;01.03.19;Strom;ZS31793;0;2420;
746;03.04.19;Strom;ZS31793;0;2433;
746;03.05.19;Strom;ZS31793;0;2459;
746;03.06.19;Strom;ZS31793;0;2575;
746;01.07.19;Strom;ZS31793;0;2624;
746;05.08.19;Strom;ZS31793;0;2466;
746;03.09.19;Strom;ZS31793;0;2433;
746;02.10.19;Strom;ZS31793;0;2533;
746;04.11.19;Strom;ZS31793;0;2599;
746;04.12.19;Strom;ZS31793;0;2674;
746;05.01.20;Strom;ZS31793;0;2815;
746;02.02.20;Strom;ZS31793;0;2953;
746;05.03.20;Strom;ZS31793;0;3089;
746;02.04.20;Strom;ZS31793;0;3137;
746;02.05.20;Strom;ZS31793;0;3349;
746;03.06.20;Strom;ZS31793;0;3514;
746;02.07.20;Strom;ZS31793;0;3643;
746;01.08.20;Strom;ZS31793;0;3749;
746;03.09.20;Strom;ZS31793;0;3882;
746;01.10.20;Strom;ZS31793;0;3941;
746;03.11.20;Strom;ZS31793;0;4182;
746;04.12.20;Strom;ZS31793;0;4223;
746;02.01.21;Strom;ZS31793;0;4309;
746;02.02.21;Strom;ZS31793;0;4403;
746;05.03.21;Strom;ZS31793;0;4524;
746;03.04.21;Strom;ZS31793;0;4709;
746;03.05.21;Strom;ZS31793;0;4874;
746;04.06.21;Strom;ZS31793;0;4865;
746;01.07.21;Strom;ZS31793;0;5021;
746;04.08.21;Strom;ZS31793;0;5085;
746;02.09.21;Strom;ZS31793;0;5230;
746;02.10.21;Strom;ZS31793;0;5439;
746;05.11.21;Strom;ZS31793;0;5523;
746;04.12.21;Strom;ZS31793;0;5548;
746;05.01.22;Strom;ZS31793;0;5649;
746;04.02.22;Strom;ZS31793;0;5826;
746;02.03.22;Strom;ZS31793;0;5976;
746;05.04.22;Strom;ZS31793;0;6119;
746;04.05.22;Strom;ZS31793;0;6177;
746;01.06.22;Strom;ZS31793;0;6137;
746;04.07.22;Strom;ZS31793;0;6269;
746;05.08.22;Strom;ZS31793;0;6393;
746;04.09.22;Strom;ZS31793;0;6505;
769;02.10.17;Strom;ZS92648;0;167;
769;03.11.17;Strom;ZS92648;0;456;
769;02.12.17;Strom;ZS92648;0;1193;
769;05.01.18;Strom;ZS92648;0;2364;
769;02.02.18;Strom;ZS92648;0;2715;
769;01.03.18;Strom;ZS92648;0;2733;
769;04.04.18;Strom;ZS92648;0;2877;
769;03.05.18;Strom;ZS92648;0;2636;
769;02.06.18;Strom;ZS92648;0;3274;
769;04.07.18;Strom;ZS92648;0;3915;
769;02.08.18;Strom;ZS92648;0;4139;
769;03.09.18;Strom;ZS92648;0;4440;
769;05.10.18;Strom;ZS92648;0;5136;
769;04.11.18;Strom;ZS92648;0;5771;
769;01.12.18;Strom;ZS92648;0;6762;
769;02.01.19;Strom;ZS92648;0;7843;
769;04.02.19;Strom;ZS92648;0;8076;
769;04.03.19;Strom;ZS92648;0;8282;
769;04.04.19;Strom;ZS92648;0;8811;
769;01.05.19;Strom;ZS92648;0;9176;
769;05.06.19;Strom;ZS92648;0;9376;
769;01.07.19;Strom;ZS92648;0;10252;
769;02.08.19;Strom;ZS92648;0;10767;
769;02.09.19;Strom;ZS92648;0;11105;
769;04.10.19;Strom;ZS92648;0;12178;
769;03.11.19;Strom;ZS92648;0;12576;
769;05.12.19;Strom;ZS92648;0;13217;
769;04.01.20;Strom;ZS92648;0;13541;
769;03.02.20;Strom;ZS92648;0;13576;
769;01.03.20;Strom;ZS92648;0;14045;
769;04.04.20;Strom;ZS92648;0;14554;
769;02.05.20;Strom;ZS92648;0;15051;
769;04.06.20;Strom;ZS92648;0;15686;
769;02.07.20;Strom;ZS92648;0;15934;
769;05.08.20;Strom;ZS92648;0;16405;
769;03.09.20;Strom;ZS92648;0;16347;
769;04.10.20;Strom;ZS92648;0;16726;
769;04.11.20;Strom;ZS92648;0;17968;
769;04.12.20;Strom;ZS92648;0;18413;
769;02.01.21;Strom;ZS92648;0;18731;
769;04.02.21;Strom;ZS92648;0;18960;
769;02.03.21;Strom;ZS92648;0;19637;
769;01.04.21;Strom;ZS92648;0;20306;
769;01.05.21;Strom;ZS92648;0;20345;
769;05.06.21;Strom;ZS92648;0;20866;
769;01.07.21;Strom;ZS92648;0;21657;
769;04.08.21;Strom;ZS92648;0;21803;
769;03.09.21;Strom;ZS92648;0;23014;
769;05.10.21;Strom;ZS92648;0;23277;
769;05.11.21;Strom;ZS92648;0;24165;
769;01.12.21;Strom;ZS92648;0;23985;
769;01.01.22;Strom;ZS92648;0;24158;
769;03.02.22;Strom;ZS92648;0;24474;
769;02.03.22;Strom;ZS92648;0;24568;
769;04.04.22;Strom;ZS92648;0;24675;
769;05.05.22;Strom;ZS92648;0;24969;
769;03.06.22;Strom;ZS92648;0;25324;
769;04.07.22;Strom;ZS92648;0;25635;
769;02.08.22;Strom;ZS92648;0;25910;
769;03.09.22;Strom;ZS92648;0;26023;
792;01.10.17;Strom;ZS18804;0;300;
792;04.11.17;Strom;ZS18804;0;489;
792;03.12.17;Strom;ZS18804;0;633;
792;02.01.18;Strom;ZS18804;0;1107;
792;03.02.18;Strom;ZS18804;0;1056;
792;01.03.18;Strom;ZS18804;0;1156;
792;01.04.18;Strom;ZS18804;0;1474;
792;02.05.18;Strom;ZS18804;0;1654;
792;02.06.18;Strom;ZS18804;0;1650;
792;02.07.18;Strom;ZS18804;0;1487;
792;03.08.18;Strom;ZS18804;0;1393;
792;03.09.18;Strom;ZS18804;0;1555;
792;01.10.18;Strom;ZS18804;0;1477;
792;04.11.18;Strom;ZS18804;0;1685;
792;01.12.18;Strom;ZS18804;0;1586;
792;03.01.19;Strom;ZS18804;0;1805;
792;05.02.19;Strom;ZS18804;0;2221;
792;01.03.19;Strom;ZS18804;0;2348;
792;03.04.19;Strom;ZS18804;0;2262;
792;04.05.19;Strom;ZS18804;0;2238;
792;03.06.19;Strom;ZS18804;0;2174;
792;04.07.19;Strom;ZS18804;0;2341;
792;03.08.19;Strom;ZS18804;0;2030;
792;03.09.19;Strom;ZS18804;0;2226;
792;01.10.19;Strom;ZS18804;0;2333;
792;01.11.19;Strom;ZS18804;0;2566;
792;03.12.19;Strom;ZS18804;0;2964;
792;05.01.20;Strom;ZS18804;0;3238;
792;01.02.20;Strom;ZS18804;0;3726;
792;01.03.20;Strom;ZS18804;0;3797;
792;01.04.20;Strom;ZS18804;0;3879;
792;02.05.20;Strom;ZS18804;0;4162;
792;05.06.20;Strom;ZS18804;0;4091;
792;03.07.20;Strom;ZS18804;0;4215;
792;02.08.20;Strom;ZS18804;0;4626;
792;04.09.20;Strom;ZS18804;0;4805;
792;02.10.20;Strom;ZS18804;0;4974;
792;01.11.20;Strom;ZS18804;0;4756;
792;01.12.20;Strom;ZS18804;0;5232;
792;04.01.21;Strom;ZS18804;0;5473;
792;05.02.21;Strom;ZS18804;0;5426;
792;05.03.21;Strom;ZS18804;0;5689;
792;04.04.21;Strom;ZS18804;0;6039;
792;04.05.21;Strom;ZS18804;0;6051;
792;05.06.21;Strom;ZS18804;0;6275;
792;05.07.21;Strom;ZS18804;0;6137;
792;01.08.21;Strom;ZS18804;0;6208;
792;04.09.21;Strom;ZS18804;0;6611;
792;03.10.21;Strom;ZS18804;0;6707;
792;01.11.21;Strom;ZS18804;0;7135;
792;05.12.21;Strom;ZS18804;0;7370;
792;05.01.22;Strom;ZS18804;0;7681;
792;03.02.22;Strom;ZS18804;0;7817;
792;04.03.22;Strom;ZS18804;0;8159;
792;01.04.22;Strom;ZS18804;0;8135;
792;02.05.22;Strom;ZS18804;0;8634;
792;01.06.22;Strom;ZS18804;0;8675;
792;02.07.22;Strom;ZS18804;0;8789;
792;03.08.22;Strom;ZS18804;0;8625;
792;02.09.22;Strom;ZS18804;0;8570;
677;05.10.17;Gas;ZG32722;0;655;
677;04.11.17;Gas;ZG32722;0;709;
677;04.12.17;Gas;ZG32722;0;789;
677;05.01.18;Gas;ZG32722;0;897;
677;01.02.18;Gas;ZG32722;0;945;
677;05.03.18;Gas;ZG32722;0;935;
677;05.04.18;Gas;ZG32722;0;952;
677;02.05.18;Gas;ZG32722;0;939;
677;01.06.18;Gas;ZG32722;0;975;
677;04.07.18;Gas;ZG32722;0;991;
677;02.08.18;Gas;ZG32722;0;998;
677;03.09.18;Gas;ZG32722;0;1046;
677;01.10.18;Gas;ZG32722;0;1098;
677;04.11.18;Gas;ZG32722;0;1119;
677;03.12.18;Gas;ZG32722;0;1164;
677;02.01.19;Gas;ZG32722;0;1206;
677;04.02.19;Gas;ZG32722;0;1218;
677;02.03.19;Gas;ZG32722;0;1266;
677;02.04.19;Gas;ZG32722;0;1341;
677;01.05.19;Gas;ZG32722;0;1345;
677;02.06.19;Gas;ZG32722;0;1401;
677;01.07.19;Gas;ZG32722;0;1407;
677;02.08.19;Gas;ZG32722;0;1499;
677;04.09.19;Gas;ZG32722;0;1577;
677;04.10.19;Gas;ZG32722;0;1582;
677;02.11.19;Gas;ZG32722;0;1614;
677;04.12.19;Gas;ZG32722;0;1674;
677;04.01.20;Gas;ZG32722;0;1715;
677;03.02.20;Gas;ZG32722;0;1782;
677;04.03.20;Gas;ZG32722;0;1827;
677;01.04.20;Gas;ZG32722;0;1851;
677;01.05.20;Gas;ZG32722;0;1917;
677;03.06.20;Gas;ZG32722;0;1966;
677;03.07.20;Gas;ZG32722;0;1988;
677;05.08.20;Gas;ZG32722;0;1996;
677;03.09.20;Gas;ZG32722;0;2035;
677;01.10.20;Gas;ZG32722;0;2097;
677;05.11.20;Gas;ZG32722;0;2167;
677;02.12.20;Gas;ZG32722;0;2193;
677;02.01.21;Gas;ZG32722;0;2200;
677;04.02.21;Gas;ZG32722;0;2278;
677;04.03.21;Gas;ZG32722;0;2330;
677;02.04.21;Gas;ZG32722;0;2372;
677;05.05.21;Gas;ZG32722;0;2429;
677;02.06.21;Gas;ZG32722;0;2413;
677;02.07.21;Gas;ZG32722;0;2486;
677;01.08.21;Gas;ZG32722;0;2549;
677;03.09.21;Gas;ZG32722;0;2532;
677;04.10.21;Gas;ZG32722;0;2582;
677;01.11.21;Gas;ZG32722;0;2653;
677;04.12.21;Gas;ZG32722;0;2717;
677;02.01.22;Gas;ZG32722;0;2719;
677;02.02.22;Gas;ZG32722;0;2813;
677;02.03.22;Gas;ZG32722;0;2846;
677;04.04.22;Gas;ZG32722;0;2867;
677;05.05.22;Gas;ZG32722;0;2882;
677;01.06.22;Gas;ZG32722;0;2954;
677;03.07.22;Gas;ZG32722;0;2934;
677;03.08.22;Gas;ZG32722;0;2953;
677;05.09.22;Gas;ZG32722;0;2989;
700;02.10.17;Gas;ZG76172;0;3421;
700;02.11.17;Gas;ZG76172;0;3707;
700;01.12.17;Gas;ZG76172;0;3776;
700;03.01.18;Gas;ZG76172;0;3854;
700;04.02.18;Gas;ZG76172;0;4023;
700;05.03.18;Gas;ZG76172;0;4170;
700;02.04.18;Gas;ZG76172;0;4501;
700;01.05.18;Gas;ZG76172;0;4704;
700;02.06.18;Gas;ZG76172;0;4796;
700;05.07.18;Gas;ZG76172;0;5013;
700;03.08.18;Gas;ZG76172;0;5224;
700;03.09.18;Gas;ZG76172;0;5190;
700;05.10.18;Gas;ZG76172;0;5378;
700;05.11.18;Gas;ZG76172;0;5477;
700;03.12.18;Gas;ZG76172;0;5453;
700;04.01.19;Gas;ZG76172;0;5432;
700;02.02.19;Gas;ZG76172;0;5637;
700;03.03.19;Gas;ZG76172;0;5567;
700;01.04.19;Gas;ZG76172;0;5656;
700;04.05.19;Gas;ZG76172;0;5839;
700;04.06.19;Gas;ZG76172;0;5774;
700;05.07.19;Gas;ZG76172;0;5895;
700;04.08.19;Gas;ZG76172;0;6156;
700;05.09.19;Gas;ZG76172;0;6280;
700;02.10.19;Gas;ZG76172;0;6368;
700;02.11.19;Gas;ZG76172;0;6336;
700;02.12.19;Gas;ZG76172;0;6510;
700;05.01.20;Gas;ZG76172;0;6601;
700;03.02.20;Gas;ZG76172;0;6677;
700;04.03.20;Gas;ZG76172;0;6707;
700;01.04.20;Gas;ZG76172;0;6919;
700;03.05.20;Gas;ZG76172;0;7001;
700;01.06.20;Gas;ZG76172;0;7280;
700;01.07.20;Gas;ZG76172;0;7431;
700;03.08.20;Gas;ZG76172;0;7518;
700;03.09.20;Gas;ZG76172;0;7656;
700;05.10.20;Gas;ZG76172;0;7574;
700;03.11.20;Gas;ZG76172;0;7714;
700;05.12.20;Gas;ZG76172;0;7775;
700;02.01.21;Gas;ZG76172;0;8016;
700;01.02.21;Gas;ZG76172;0;8256;
700;01.03.21;Gas;ZG76172;0;8344;
700;01.04.21;Gas;ZG76172;0;8598;
700;03.05.21;Gas;ZG76172;0;8797;
700;02.06.21;Gas;ZG76172;0;8772;
700;01.07.21;Gas;ZG76172;0;8919;
700;05.08.21;Gas;ZG76172;0;9031;
700;04.09.21;Gas;ZG76172;0;9005;
700;02.10.21;Gas;ZG76172;0;9151;
700;02.11.21;Gas;ZG76172;0;9234;
700;02.12.21;Gas;ZG76172;0;9597;
700;04.01.22;Gas;ZG76172;0;9801;
700;02.02.22;Gas;ZG76172;0;9787;
700;05.03.22;Gas;ZG76172;0;9726;
700;05.04.22;Gas;ZG76172;0;9824;
700;03.05.22;Gas;ZG76172;0;9962;
700;03.06.22;Gas;ZG76172;0;10299;
700;04.07.22;Gas;ZG76172;0;10624;
700;03.08.22;Gas;ZG76172;0;10715;
700;01.09.22;Gas;ZG76172;0;10716;
723;05.10.17;Gas;ZG77162;0;837;
723;02.11.17;Gas;ZG77162;0;1126;
723;04.12.17;Gas;ZG77162;0;1253;
723;05.01.18;Gas;ZG77162;0;1302;
723;05.02.18;Gas;ZG77162;0;1506;
723;05.03.18;Gas;ZG77162;0;1603;
723;01.04.18;Gas;ZG77162;0;1641;
723;02.05.18;Gas;ZG77162;0;1629;
723;04.06.18;Gas;ZG77162;0;1677;
723;03.07.18;Gas;ZG77162;0;1840;
723;04.08.18;Gas;ZG77162;0;1997;
723;02.09.18;Gas;ZG77162;0;2176;
723;03.10.18;Gas;ZG77162;0;2329;
723;02.11.18;Gas;ZG77162;0;2376;
723;02.12.18;Gas;ZG77162;0;2339;
723;04.01.19;Gas;ZG77162;0;2370;
723;01.02.19;Gas;ZG77162;0;2529;
723;01.03.19;Gas;ZG77162;0;2771;
723;03.04.19;Gas;ZG77162;0;3043;
723;05.05.19;Gas;ZG77162;0;3119;
723;04.06.19;Gas;ZG77162;0;3220;
723;05.07.19;Gas;ZG77162;0;3096;
723;04.08.19;Gas;ZG77162;0;3205;
723;04.09.19;Gas;ZG77162;0;3264;
723;01.10.19;Gas;ZG77162;0;3472;
723;03.11.19;Gas;ZG77162;0;3550;
723;03.12.19;Gas;ZG77162;0;3631;
723;05.01.20;Gas;ZG77162;0;3630;
723;02.02.20;Gas;ZG77162;0;3759;
723;04.03.20;Gas;ZG77162;0;3690;
723;03.04.20;Gas;ZG77162;0;3791;
723;03.05.20;Gas;ZG77162;0;3861;
723;03.06.20;Gas;ZG77162;0;3853;
723;04.07.20;Gas;ZG77162;0;3844;
723;05.08.20;Gas;ZG77162;0;3913;
723;03.09.20;Gas;ZG77162;0;3912;
723;04.10.20;Gas;ZG77162;0;4019;
723;01.11.20;Gas;ZG77162;0;4038;
723;05.12.20;Gas;ZG77162;0;4045;
723;04.01.21;Gas;ZG77162;0;4194;
723;01.02.21;Gas;ZG77162;0;4193;
723;04.03.21;Gas;ZG77162;0;4322;
723;01.04.21;Gas;ZG77162;0;4531;
723;03.05.21;Gas;ZG77162;0;4471;
723;03.06.21;Gas;ZG77162;0;4648;
723;02.07.21;Gas;ZG77162;0;4813;
723;03.08.21;Gas;ZG77162;0;4956;
723;01.09.21;Gas;ZG77162;0;4890;
723;01.10.21;Gas;ZG77162;0;5098;
723;02.11.21;Gas;ZG77162;0;5015;
723;03.12.21;Gas;ZG77162;0;5275;
723;05.01.22;Gas;ZG77162;0;5306;
723;02.02.22;Gas;ZG77162;0;5450;
723;02.03.22;Gas;ZG77162;0;5501;
723;04.04.22;Gas;ZG77162;0;5508;
723;04.05.22;Gas;ZG77162;0;5501;
723;03.06.22;Gas;ZG77162;0;5628;
723;01.07.22;Gas;ZG77162;0;5809;
723;01.08.22;Gas;ZG77162;0;5832;
723;04.09.22;Gas;ZG77162;0;5917;
746;05.10.17;Gas;ZG14918;0;2711;
746;04.11.17;Gas;ZG14918;0;2797;
746;04.12.17;Gas;ZG14918;0;2868;
746;02.01.18;Gas;ZG14918;0;2917;
746;01.02.18;Gas;ZG14918;0;2973;
746;04.03.18;Gas;ZG14918;0;3054;
746;05.04.18;Gas;ZG14918;0;3102;
746;03.05.18;Gas;ZG14918;0;3142;
746;01.06.18;Gas;ZG14918;0;3212;
746;01.07.18;Gas;ZG14918;0;3301;
746;01.08.18;Gas;ZG14918;0;3387;
746;01.09.18;Gas;ZG14918;0;3437;
746;04.10.18;Gas;ZG14918;0;3489;
746;01.11.18;Gas;ZG14918;0;3552;
746;02.12.18;Gas;ZG14918;0;3597;
746;04.01.19;Gas;ZG14918;0;3678;
746;03.02.19;Gas;ZG14918;0;3714;
746;01.03.19;Gas;ZG14918;0;3746;
746;02.04.19;Gas;ZG14918;0;3841;
746;01.05.19;Gas;ZG14918;0;3907;
746;05.06.19;Gas;ZG14918;0;3998;
746;04.07.19;Gas;ZG14918;0;4034;
746;02.08.19;Gas;ZG14918;0;4112;
746;04.09.19;Gas;ZG14918;0;4167;
746;04.10.19;Gas;ZG14918;0;4225;
746;01.11.19;Gas;ZG14918;0;4312;
746;01.12.19;Gas;ZG14918;0;4374;
746;01.01.20;Gas;ZG14918;0;4445;
746;01.02.20;Gas;ZG14918;0;4501;
746;05.03.20;Gas;ZG14918;0;4567;
746;01.04.20;Gas;ZG14918;0;4624;
746;05.05.20;Gas;ZG14918;0;4665;
746;01.06.20;Gas;ZG14918;0;4727;
746;01.07.20;Gas;ZG14918;0;4788;
746;01.08.20;Gas;ZG14918;0;4893;
746;05.09.20;Gas;ZG14918;0;4923;
746;05.10.20;Gas;ZG14918;0;4978;
746;01.11.20;Gas;ZG14918;0;5017;
746;02.12.20;Gas;ZG14918;0;5089;
746;04.01.21;Gas;ZG14918;0;5158;
746;03.02.21;Gas;ZG14918;0;5239;
746;05.03.21;Gas;ZG14918;0;5335;
746;04.04.21;Gas;ZG14918;0;5355;
746;01.05.21;Gas;ZG14918;0;5397;
746;03.06.21;Gas;ZG14918;0;5479;
746;03.07.21;Gas;ZG14918;0;5555;
746;04.08.21;Gas;ZG14918;0;5642;
746;05.09.21;Gas;ZG14918;0;5741;
746;02.10.21;Gas;ZG14918;0;5760;
746;05.11.21;Gas;ZG14918;0;5814;
746;05.12.21;Gas;ZG14918;0;5879;
746;01.01.22;Gas;ZG14918;0;5924;
746;05.02.22;Gas;ZG14918;0;5906;
746;04.03.22;Gas;ZG14918;0;5971;
746;04.04.22;Gas;ZG14918;0;6040;
746;02.05.22;Gas;ZG14918;0;6102;
746;01.06.22;Gas;ZG14918;0;6140;
746;04.07.22;Gas;ZG14918;0;6175;
746;01.08.22;Gas;ZG14918;0;6269;
746;05.09.22;Gas;ZG14918;0;6335;
769;04.10.17;Gas;ZG37217;0;3554;
769;04.11.17;Gas;ZG37217;0;3772;
769;02.12.17;Gas;ZG37217;0;3972;
769;02.01.18;Gas;ZG37217;0;4248;
769;03.02.18;Gas;ZG37217;0;4312;
769;03.03.18;Gas;ZG37217;0;4540;
769;05.04.18;Gas;ZG37217;0;4671;
769;05.05.18;Gas;ZG37217;0;4799;
769;04.06.18;Gas;ZG37217;0;4840;
769;04.07.18;Gas;ZG37217;0;5078;
769;05.08.18;Gas;ZG37217;0;5098;
769;04.09.18;Gas;ZG37217;0;5092;
769;05.10.18;Gas;ZG37217;0;5279;
769;05.11.18;Gas;ZG37217;0;5305;
769;04.12.18;Gas;ZG37217;0;5654;
769;01.01.19;Gas;ZG37217;0;5856;
769;02.02.19;Gas;ZG37217;0;6185;
769;05.03.19;Gas;ZG37217;0;6296;
769;01.04.19;Gas;ZG37217;0;6639;
769;05.05.19;Gas;ZG37217;0;6811;
769;01.06.19;Gas;ZG37217;0;6850;
769;01.07.19;Gas;ZG37217;0;6998;
769;04.08.19;Gas;ZG37217;0;6819;
769;01.09.19;Gas;ZG37217;0;7045;
769;01.10.19;Gas;ZG37217;0;7190;
769;01.11.19;Gas;ZG37217;0;7304;
769;01.12.19;Gas;ZG37217;0;7614;
769;01.01.20;Gas;ZG37217;0;7861;
769;03.02.20;Gas;ZG37217;0;7897;
769;04.03.20;Gas;ZG37217;0;7898;
769;04.04.20;Gas;ZG37217;0;8145;
769;01.05.20;Gas;ZG37217;0;8139;
769;01.06.20;Gas;ZG37217;0;8448;
769;02.07.20;Gas;ZG37217;0;8509;
769;03.08.20;Gas;ZG37217;0;8542;
769;03.09.20;Gas;ZG37217;0;8656;
769;04.10.20;Gas;ZG37217;0;9075;
769;04.11.20;Gas;ZG37217;0;9199;
769;03.12.20;Gas;ZG37217;0;9479;
769;05.01.21;Gas;ZG37217;0;9698;
769;05.02.21;Gas;ZG37217;0;10018;
769;01.03.21;Gas;ZG37217;0;10051;
769;01.04.21;Gas;ZG37217;0;10088;
769;04.05.21;Gas;ZG37217;0;10235;
769;01.06.21;Gas;ZG37217;0;10431;
769;03.07.21;Gas;ZG37217;0;10901;
769;01.08.21;Gas;ZG37217;0;11258;
769;04.09.21;Gas;ZG37217;0;11309;
769;03.10.21;Gas;ZG37217;0;11380;
769;01.11.21;Gas;ZG37217;0;11549;
769;04.12.21;Gas;ZG37217;0;11555;
769;01.01.22;Gas;ZG37217;0;11594;
769;04.02.22;Gas;ZG37217;0;11970;
769;05.03.22;Gas;ZG37217;0;12310;
769;01.04.22;Gas;ZG37217;0;12491;
769;02.05.22;Gas;ZG37217;0;12709;
769;01.06.22;Gas;ZG37217;0;12606;
769;05.07.22;Gas;ZG37217;0;12576;
769;05.08.22;Gas;ZG37217;0;12628;
769;03.09.22;Gas;ZG37217;0;12701;
792;05.10.17;Gas;ZG01783;0;223;
792;05.11.17;Gas;ZG01783;0;367;
792;02.12.17;Gas;ZG01783;0;518;
792;03.01.18;Gas;ZG01783;0;617;
792;05.02.18;Gas;ZG01783;0;644;
792;05.03.18;Gas;ZG01783;0;702;
792;05.04.18;Gas;ZG01783;0;777;
792;03.05.18;Gas;ZG01783;0;809;
792;01.06.18;Gas;ZG01783;0;799;
792;03.07.18;Gas;ZG01783;0;769;
792;02.08.18;Gas;ZG01783;0;945;
792;05.09.18;Gas;ZG01783;0;1085;
792;05.10.18;Gas;ZG01783;0;1154;
792;01.11.18;Gas;ZG01783;0;1176;
792;02.12.18;Gas;ZG01783;0;1282;
792;05.01.19;Gas;ZG01783;0;1384;
792;04.02.19;Gas;ZG01783;0;1484;
792;02.03.19;Gas;ZG01783;0;1528;
792;02.04.19;Gas;ZG01783;0;1590;
792;03.05.19;Gas;ZG01783;0;1595;
792;03.06.19;Gas;ZG01783;0;1649;
792;05.07.19;Gas;ZG01783;0;1743;
792;03.08.19;Gas;ZG01783;0;1846;
792;01.09.19;Gas;ZG01783;0;1992;
792;04.10.19;Gas;ZG01783;0;2139;
792;03.11.19;Gas;ZG01783;0;2264;
792;03.12.19;Gas;ZG01783;0;2269;
792;04.01.20;Gas;ZG01783;0;2411;
792;03.02.20;Gas;ZG01783;0;2555;
792;01.03.20;Gas;ZG01783;0;2600;
792;02.04.20;Gas;ZG01783;0;2614;
792;01.05.20;Gas;ZG01783;0;2594;
792;01.06.20;Gas;ZG01783;0;2680;
792;05.07.20;Gas;ZG01783;0;2696;
792;05.08.20;Gas;ZG01783;0;2787;
792;04.09.20;Gas;ZG01783;0;2895;
792;02.10.20;Gas;ZG01783;0;3011;
792;04.11.20;Gas;ZG01783;0;3187;
792;03.12.20;Gas;ZG01783;0;3238;
792;01.01.21;Gas;ZG01783;0;3266;
792;03.02.21;Gas;ZG01783;0;3299;
792;05.03.21;Gas;ZG01783;0;3275;
792;05.04.21;Gas;ZG01783;0;3332;
792;01.05.21;Gas;ZG01783;0;3437;
792;04.06.21;Gas;ZG01783;0;3476;
792;01.07.21;Gas;ZG01783;0;3493;
792;05.08.21;Gas;ZG01783;0;3588;
792;02.09.21;Gas;ZG01783;0;3711;
792;03.10.21;Gas;ZG01783;0;3795;
792;04.11.21;Gas;ZG01783;0;3876;
792;03.12.21;Gas;ZG01783;0;3900;
792;01.01.22;Gas;ZG01783;0;3939;
792;02.02.22;Gas;ZG01783;0;3990;
792;03.03.22;Gas;ZG01783;0;4128;
792;03.04.22;Gas;ZG01783;0;4130;
792;01.05.22;Gas;ZG01783;0;4190;
792;03.06.22;Gas;ZG01783;0;4256;
792;04.07.22;Gas;ZG01783;0;4303;
792;05.08.22;Gas;ZG01783;0;4253;
792;03.09.22;Gas;ZG01783;0;4289;